@_fa,link,prism:url,dc:identifier,eid,dc:title,dc:creator,prism:publicationName,prism:issn,prism:eIssn,prism:volume,prism:pageRange,prism:coverDate,prism:coverDisplayDate,prism:doi,pii,citedby-count,affiliation,prism:aggregationType,subtype,subtypeDescription,article-number,source-id,openaccess,openaccessFlag,prism:issueIdentifier,pubmed-id
true,"{'self': 'https://api.elsevier.com/content/abstract/scopus_id/85082873170', 'author-affiliation': 'https://api.elsevier.com/content/abstract/scopus_id/85082873170?field=author,affiliation', 'scopus': 'https://www.scopus.com/inward/record.uri?partnerID=HzOxMe3b&scp=85082873170&origin=inward', 'scopus-citedby': 'https://www.scopus.com/inward/citedby.uri?partnerID=HzOxMe3b&scp=85082873170&origin=inward', 'full-text': 'https://api.elsevier.com/content/article/eid/1-s2.0-S0165178120307563'}",https://api.elsevier.com/content/abstract/scopus_id/85082873170,SCOPUS_ID:85082873170,2-s2.0-85082873170,"COVID-19 checklist: Mask, gloves, and video chatting with grandpa",Solomon H.V.,Psychiatry Research,01651781,18727123,288,,2020-06-01,June 2020,10.1016/j.psychres.2020.112986,S0165178120307563,0,"[{'@_fa': 'true', 'affilname': 'Harvard Medical School', 'affiliation-city': 'Boston', 'affiliation-country': 'United States'}, {'@_fa': 'true', 'affilname': 'Veterans Affairs Boston Healthcare System', 'affiliation-city': 'Boston', 'affiliation-country': 'United States'}, {'@_fa': 'true', 'affilname': 'Harvard South Shore Psychiatry Residency Training Program', 'affiliation-city': 'Brockton', 'affiliation-country': 'United States'}]",Journal,le,Letter,112986,18729,1,True,,
true,"{'self': 'https://api.elsevier.com/content/abstract/scopus_id/85081032556', 'author-affiliation': 'https://api.elsevier.com/content/abstract/scopus_id/85081032556?field=author,affiliation', 'scopus': 'https://www.scopus.com/inward/record.uri?partnerID=HzOxMe3b&scp=85081032556&origin=inward', 'scopus-citedby': 'https://www.scopus.com/inward/citedby.uri?partnerID=HzOxMe3b&scp=85081032556&origin=inward', 'full-text': 'https://api.elsevier.com/content/article/eid/1-s2.0-S1876201820300988'}",https://api.elsevier.com/content/abstract/scopus_id/85081032556,SCOPUS_ID:85081032556,2-s2.0-85081032556,Iranian mental health during the COVID-19 epidemic,Zandifar A.,Asian Journal of Psychiatry,18762018,18762026,51,,2020-06-01,June 2020,10.1016/j.ajp.2020.101990,S1876201820300988,4,"[{'@_fa': 'true', 'affilname': 'Alborz University of Medical Sciences', 'affiliation-city': 'Karaj', 'affiliation-country': 'Iran'}]",Journal,le,Letter,101990,12300154709,1,True,,
true,"{'self': 'https://api.elsevier.com/content/abstract/scopus_id/85082746686', 'author-affiliation': 'https://api.elsevier.com/content/abstract/scopus_id/85082746686?field=author,affiliation', 'scopus': 'https://www.scopus.com/inward/record.uri?partnerID=HzOxMe3b&scp=85082746686&origin=inward', 'scopus-citedby': 'https://www.scopus.com/inward/citedby.uri?partnerID=HzOxMe3b&scp=85082746686&origin=inward', 'full-text': 'https://api.elsevier.com/content/article/eid/1-s2.0-S1876201820301842'}",https://api.elsevier.com/content/abstract/scopus_id/85082746686,SCOPUS_ID:85082746686,2-s2.0-85082746686,First COVID-19 suicide case in Bangladesh due to fear of COVID-19 and xenophobia: Possible suicide prevention strategies,Mamun M.A.,Asian Journal of Psychiatry,18762018,18762026,51,,2020-06-01,June 2020,10.1016/j.ajp.2020.102073,S1876201820301842,0,"[{'@_fa': 'true', 'affilname': 'Jahangirnagar University', 'affiliation-city': 'Dhaka', 'affiliation-country': 'Bangladesh'}, {'@_fa': 'true', 'affilname': 'Undergraduate Research Organization', 'affiliation-city': 'Dhaka', 'affiliation-country': 'Bangladesh'}]",Journal,ar,Article,102073,12300154709,0,False,,
true,"{'self': 'https://api.elsevier.com/content/abstract/scopus_id/85082187185', 'author-affiliation': 'https://api.elsevier.com/content/abstract/scopus_id/85082187185?field=author,affiliation', 'scopus': 'https://www.scopus.com/inward/record.uri?partnerID=HzOxMe3b&scp=85082187185&origin=inward', 'scopus-citedby': 'https://www.scopus.com/inward/citedby.uri?partnerID=HzOxMe3b&scp=85082187185&origin=inward', 'full-text': 'https://api.elsevier.com/content/article/eid/1-s2.0-S0022399920302087'}",https://api.elsevier.com/content/abstract/scopus_id/85082187185,SCOPUS_ID:85082187185,2-s2.0-85082187185,Screening for Chinese medical staff mental health by SDS and SAS during the outbreak of COVID-19,Liang Y.,Journal of Psychosomatic Research,00223999,18791360,133,,2020-06-01,June 2020,10.1016/j.jpsychores.2020.110102,S0022399920302087,0,"[{'@_fa': 'true', 'affilname': 'The Fifth Affiliated Hospital Sun Yat-sen University', 'affiliation-city': 'Zhuhai', 'affiliation-country': 'China'}]",Journal,le,Letter,110102,16817,1,True,,
true,"{'self': 'https://api.elsevier.com/content/abstract/scopus_id/85082794939', 'author-affiliation': 'https://api.elsevier.com/content/abstract/scopus_id/85082794939?field=author,affiliation', 'scopus': 'https://www.scopus.com/inward/record.uri?partnerID=HzOxMe3b&scp=85082794939&origin=inward', 'scopus-citedby': 'https://www.scopus.com/inward/citedby.uri?partnerID=HzOxMe3b&scp=85082794939&origin=inward', 'full-text': 'https://api.elsevier.com/content/article/eid/1-s2.0-S1744388120304278'}",https://api.elsevier.com/content/abstract/scopus_id/85082794939,SCOPUS_ID:85082794939,2-s2.0-85082794939,Respiratory rehabilitation in elderly patients with COVID-19: A randomized controlled study,Liu K.,Complementary Therapies in Clinical Practice,17443881,,39,,2020-05-01,May 2020,10.1016/j.ctcp.2020.101166,S1744388120304278,0,"[{'@_fa': 'true', 'affilname': 'Hainan Medical University', 'affiliation-city': 'Haikou', 'affiliation-country': 'China'}]",Journal,ar,Article,101166,144617,1,True,,
true,"{'self': 'https://api.elsevier.com/content/abstract/scopus_id/85082412101', 'author-affiliation': 'https://api.elsevier.com/content/abstract/scopus_id/85082412101?field=author,affiliation', 'scopus': 'https://www.scopus.com/inward/record.uri?partnerID=HzOxMe3b&scp=85082412101&origin=inward', 'scopus-citedby': 'https://www.scopus.com/inward/citedby.uri?partnerID=HzOxMe3b&scp=85082412101&origin=inward', 'full-text': 'https://api.elsevier.com/content/article/eid/1-s2.0-S0092867420302877'}",https://api.elsevier.com/content/abstract/scopus_id/85082412101,SCOPUS_ID:85082412101,2-s2.0-85082412101,Embracing the Landscape of Therapeutics,,Cell,00928674,10974172,181,1-3,2020-04-02,2 April 2020,10.1016/j.cell.2020.03.025,S0092867420302877,0,,Journal,ed,Editorial,,18434,1,True,1,
true,"{'self': 'https://api.elsevier.com/content/abstract/scopus_id/85080990295', 'author-affiliation': 'https://api.elsevier.com/content/abstract/scopus_id/85080990295?field=author,affiliation', 'scopus': 'https://www.scopus.com/inward/record.uri?partnerID=HzOxMe3b&scp=85080990295&origin=inward', 'scopus-citedby': 'https://www.scopus.com/inward/citedby.uri?partnerID=HzOxMe3b&scp=85080990295&origin=inward', 'full-text': 'https://api.elsevier.com/content/article/eid/1-s2.0-S0165178120302924'}",https://api.elsevier.com/content/abstract/scopus_id/85080990295,SCOPUS_ID:85080990295,2-s2.0-85080990295,The psychiatric impact of the novel coronavirus outbreak,Carvalho P.M.d.M.,Psychiatry Research,01651781,18727123,286,,2020-04-01,April 2020,10.1016/j.psychres.2020.112902,S0165178120302924,0,"[{'@_fa': 'true', 'affilname': 'Fundacao Universitaria do ABC, Faculdade de Medicina do ABC', 'affiliation-city': 'Santo Andre', 'affiliation-country': 'Brazil'}]",Journal,le,Letter,112902,18729,1,True,,32146248
true,"{'self': 'https://api.elsevier.com/content/abstract/scopus_id/85080899797', 'author-affiliation': 'https://api.elsevier.com/content/abstract/scopus_id/85080899797?field=author,affiliation', 'scopus': 'https://www.scopus.com/inward/record.uri?partnerID=HzOxMe3b&scp=85080899797&origin=inward', 'scopus-citedby': 'https://www.scopus.com/inward/citedby.uri?partnerID=HzOxMe3b&scp=85080899797&origin=inward'}",https://api.elsevier.com/content/abstract/scopus_id/85080899797,SCOPUS_ID:85080899797,2-s2.0-85080899797,Public responses to the novel 2019 coronavirus (2019-nCoV) in Japan: Mental health consequences and target populations,Shigemura J.,Psychiatry and Clinical Neurosciences,13231316,14401819,74,281-282,2020-04-01,1 April 2020,10.1111/pcn.12988,,4,"[{'@_fa': 'true', 'affilname': 'National Defense Medical College Tokorozawa', 'affiliation-city': 'Tokorozawa', 'affiliation-country': 'Japan'}]",Journal,le,Letter,,18712,1,True,4,32034840
true,"{'self': 'https://api.elsevier.com/content/abstract/scopus_id/85080081887', 'author-affiliation': 'https://api.elsevier.com/content/abstract/scopus_id/85080081887?field=author,affiliation', 'scopus': 'https://www.scopus.com/inward/record.uri?partnerID=HzOxMe3b&scp=85080081887&origin=inward', 'scopus-citedby': 'https://www.scopus.com/inward/citedby.uri?partnerID=HzOxMe3b&scp=85080081887&origin=inward', 'full-text': 'https://api.elsevier.com/content/article/eid/1-s2.0-S0165178120302821'}",https://api.elsevier.com/content/abstract/scopus_id/85080081887,SCOPUS_ID:85080081887,2-s2.0-85080081887,Psychological crisis interventions in Sichuan Province during the 2019 novel coronavirus outbreak,Zhou X.,Psychiatry Research,01651781,18727123,286,,2020-04-01,April 2020,10.1016/j.psychres.2020.112895,S0165178120302821,0,"[{'@_fa': 'true', 'affilname': ""Sichuan Provincial People's Hospital"", 'affiliation-city': 'Chengdu', 'affiliation-country': 'China'}]",Journal,le,Letter,112895,18729,1,True,,
true,"{'self': 'https://api.elsevier.com/content/abstract/scopus_id/85081646597', 'author-affiliation': 'https://api.elsevier.com/content/abstract/scopus_id/85081646597?field=author,affiliation', 'scopus': 'https://www.scopus.com/inward/record.uri?partnerID=HzOxMe3b&scp=85081646597&origin=inward', 'scopus-citedby': 'https://www.scopus.com/inward/citedby.uri?partnerID=HzOxMe3b&scp=85081646597&origin=inward', 'full-text': 'https://api.elsevier.com/content/article/eid/1-s2.0-S2215036620300778'}",https://api.elsevier.com/content/abstract/scopus_id/85081646597,SCOPUS_ID:85081646597,2-s2.0-85081646597,Online mental health services in China during the COVID-19 outbreak,Liu S.,The Lancet Psychiatry,22150366,22150374,7,e17-e18,2020-04-01,April 2020,10.1016/S2215-0366(20)30077-8,S2215036620300778,8,"[{'@_fa': 'true', 'affilname': 'Southern Medical University', 'affiliation-city': 'Guangzhou', 'affiliation-country': 'China'}, {'@_fa': 'true', 'affilname': ""The Third People's Hospital of Qinghai Province"", 'affiliation-city': None, 'affiliation-country': 'China'}]",Journal,le,Letter,,21100356804,1,True,4,32085841
true,"{'self': 'https://api.elsevier.com/content/abstract/scopus_id/85080971403', 'author-affiliation': 'https://api.elsevier.com/content/abstract/scopus_id/85080971403?field=author,affiliation', 'scopus': 'https://www.scopus.com/inward/record.uri?partnerID=HzOxMe3b&scp=85080971403&origin=inward', 'scopus-citedby': 'https://www.scopus.com/inward/citedby.uri?partnerID=HzOxMe3b&scp=85080971403&origin=inward', 'full-text': 'https://api.elsevier.com/content/article/eid/1-s2.0-S0165178120304200'}",https://api.elsevier.com/content/abstract/scopus_id/85080971403,SCOPUS_ID:85080971403,2-s2.0-85080971403,Psychological crisis intervention during the outbreak period of new coronavirus pneumonia from experience in Shanghai,Jiang X.,Psychiatry Research,01651781,18727123,286,,2020-04-01,April 2020,10.1016/j.psychres.2020.112903,S0165178120304200,1,"[{'@_fa': 'true', 'affilname': 'East China Normal University', 'affiliation-city': 'Shanghai', 'affiliation-country': 'China'}]",Journal,ar,Article,112903,18729,1,True,,32146245
true,"{'self': 'https://api.elsevier.com/content/abstract/scopus_id/85082268632', 'author-affiliation': 'https://api.elsevier.com/content/abstract/scopus_id/85082268632?field=author,affiliation', 'scopus': 'https://www.scopus.com/inward/record.uri?partnerID=HzOxMe3b&scp=85082268632&origin=inward', 'scopus-citedby': 'https://www.scopus.com/inward/citedby.uri?partnerID=HzOxMe3b&scp=85082268632&origin=inward'}",https://api.elsevier.com/content/abstract/scopus_id/85082268632,SCOPUS_ID:85082268632,2-s2.0-85082268632,WHO must prioritise the needs of older people in its response to the covid-19 pandemic,Lloyd-Sherlock P.G.,The BMJ,09598146,17561833,368,,2020-03-23,23 March 2020,10.1136/bmj.m1164,,0,"[{'@_fa': 'true', 'affilname': 'University of East Anglia', 'affiliation-city': 'Norwich', 'affiliation-country': 'United Kingdom'}]",Journal,le,Letter,m1164,51748,1,True,,32205399
true,"{'self': 'https://api.elsevier.com/content/abstract/scopus_id/85082084551', 'author-affiliation': 'https://api.elsevier.com/content/abstract/scopus_id/85082084551?field=author,affiliation', 'scopus': 'https://www.scopus.com/inward/record.uri?partnerID=HzOxMe3b&scp=85082084551&origin=inward', 'scopus-citedby': 'https://www.scopus.com/inward/citedby.uri?partnerID=HzOxMe3b&scp=85082084551&origin=inward'}",https://api.elsevier.com/content/abstract/scopus_id/85082084551,SCOPUS_ID:85082084551,2-s2.0-85082084551,Social capital and sleep quality in individuals who self-isolated for 14 days during the coronavirus disease 2019 (COVID-19) outbreak in January 2020 in China,Xiao H.,Medical Science Monitor,12341010,16433750,26,,2020-03-20,20 March 2020,10.12659/MSM.923921,,0,"[{'@_fa': 'true', 'affilname': 'Xuanwu Hospital, Capital Medical University', 'affiliation-city': 'Beijing', 'affiliation-country': 'China'}]",Journal,re,Review,e923921,18344,0,False,,32194290
true,"{'self': 'https://api.elsevier.com/content/abstract/scopus_id/85082425316', 'author-affiliation': 'https://api.elsevier.com/content/abstract/scopus_id/85082425316?field=author,affiliation', 'scopus': 'https://www.scopus.com/inward/record.uri?partnerID=HzOxMe3b&scp=85082425316&origin=inward', 'scopus-citedby': 'https://www.scopus.com/inward/citedby.uri?partnerID=HzOxMe3b&scp=85082425316&origin=inward'}",https://api.elsevier.com/content/abstract/scopus_id/85082425316,SCOPUS_ID:85082425316,2-s2.0-85082425316,Experience of Frontline Clinicians Fighting against COVID-19: a Qualitative Study,Zhang Y.,Chinese General Practice,10079572,,23,1078-1082,2020-03-20,20 March 2020,10.12114/j.issn.1007-9572.2020.00.261,,0,"[{'@_fa': 'true', 'affilname': 'Shenzhen Samii Medical Center', 'affiliation-city': 'Shenzhen', 'affiliation-country': 'China'}]",Journal,ar,Article,,21100825843,0,False,9,
true,"{'self': 'https://api.elsevier.com/content/abstract/scopus_id/85082932445', 'author-affiliation': 'https://api.elsevier.com/content/abstract/scopus_id/85082932445?field=author,affiliation', 'scopus': 'https://www.scopus.com/inward/record.uri?partnerID=HzOxMe3b&scp=85082932445&origin=inward', 'scopus-citedby': 'https://www.scopus.com/inward/citedby.uri?partnerID=HzOxMe3b&scp=85082932445&origin=inward'}",https://api.elsevier.com/content/abstract/scopus_id/85082932445,SCOPUS_ID:85082932445,2-s2.0-85082932445,Analysis of TCM in prevention and treatment of post-traumatic stress disorder induced by COVID-19,Li Y.F.,Chinese Traditional and Herbal Drugs,02532670,,51,1130-1138,2020-03-12,12 March 2020,10.7501/j.issn.0253-2670.2020.05.006,,0,"[{'@_fa': 'true', 'affilname': 'Guangzhou University of Chinese Medicine', 'affiliation-city': 'Lanzhou', 'affiliation-country': 'China'}, {'@_fa': 'true', 'affilname': 'Provincial-Level Key Laboratory for Molecular Medicine of Major Diseases and The Prevention and Treatment with Traditional Chinese Medicine Research in Gansu Colleges and University', 'affiliation-city': 'Lanzhou', 'affiliation-country': 'China'}]",Journal,ar,Article,,4000148308,0,False,5,
true,"{'self': 'https://api.elsevier.com/content/abstract/scopus_id/85081574242', 'author-affiliation': 'https://api.elsevier.com/content/abstract/scopus_id/85081574242?field=author,affiliation', 'scopus': 'https://www.scopus.com/inward/record.uri?partnerID=HzOxMe3b&scp=85081574242&origin=inward', 'scopus-citedby': 'https://www.scopus.com/inward/citedby.uri?partnerID=HzOxMe3b&scp=85081574242&origin=inward'}",https://api.elsevier.com/content/abstract/scopus_id/85081574242,SCOPUS_ID:85081574242,2-s2.0-85081574242,A nationwide survey of psychological distress among Chinese people in the COVID-19 epidemic: Implications and policy recommendations,Qiu J.,General Psychiatry,2517729X,,33,,2020-03-06,6 March 2020,10.1136/gpsych-2020-100213,,1,"[{'@_fa': 'true', 'affilname': 'Shanghai Jiao Tong University', 'affiliation-city': 'Shanghai', 'affiliation-country': 'China'}]",Journal,re,Review,e100213,21100901769,1,True,2,
true,"{'self': 'https://api.elsevier.com/content/abstract/scopus_id/85082342319', 'author-affiliation': 'https://api.elsevier.com/content/abstract/scopus_id/85082342319?field=author,affiliation', 'scopus': 'https://www.scopus.com/inward/record.uri?partnerID=HzOxMe3b&scp=85082342319&origin=inward', 'scopus-citedby': 'https://www.scopus.com/inward/citedby.uri?partnerID=HzOxMe3b&scp=85082342319&origin=inward'}",https://api.elsevier.com/content/abstract/scopus_id/85082342319,SCOPUS_ID:85082342319,2-s2.0-85082342319,Factors Associated With Mental Health Outcomes Among Health Care Workers Exposed to Coronavirus Disease 2019,Lai J.,JAMA network open,,25743805,3,e203976,2020-03-02,2 March 2020,10.1001/jamanetworkopen.2020.3976,,0,"[{'@_fa': 'true', 'affilname': 'Zhejiang University School of Medicine', 'affiliation-city': 'Hangzhou', 'affiliation-country': 'China'}]",Journal,ar,Article,,21100900345,1,True,3,32202646
true,"{'self': 'https://api.elsevier.com/content/abstract/scopus_id/85082137078', 'author-affiliation': 'https://api.elsevier.com/content/abstract/scopus_id/85082137078?field=author,affiliation', 'scopus': 'https://www.scopus.com/inward/record.uri?partnerID=HzOxMe3b&scp=85082137078&origin=inward', 'scopus-citedby': 'https://www.scopus.com/inward/citedby.uri?partnerID=HzOxMe3b&scp=85082137078&origin=inward'}",https://api.elsevier.com/content/abstract/scopus_id/85082137078,SCOPUS_ID:85082137078,2-s2.0-85082137078,The impact of covid-19 epidemic declaration on psychological consequences: A study on active weibo users,Li S.,International Journal of Environmental Research and Public Health,16617827,16604601,17,,2020-03-02,2 March 2020,10.3390/ijerph17062032,,0,"[{'@_fa': 'true', 'affilname': 'University of Chinese Academy of Sciences', 'affiliation-city': 'Beijing', 'affiliation-country': 'China'}, {'@_fa': 'true', 'affilname': 'Institute of Psychology Chinese Academy of Sciences', 'affiliation-city': 'Beijing', 'affiliation-country': 'China'}]",Journal,ar,Article,2032,144989,1,True,6,32204411
true,"{'self': 'https://api.elsevier.com/content/abstract/scopus_id/85080944832', 'author-affiliation': 'https://api.elsevier.com/content/abstract/scopus_id/85080944832?field=author,affiliation', 'scopus': 'https://www.scopus.com/inward/record.uri?partnerID=HzOxMe3b&scp=85080944832&origin=inward', 'scopus-citedby': 'https://www.scopus.com/inward/citedby.uri?partnerID=HzOxMe3b&scp=85080944832&origin=inward', 'full-text': 'https://api.elsevier.com/content/article/eid/1-s2.0-S1876201820300976'}",https://api.elsevier.com/content/abstract/scopus_id/85080944832,SCOPUS_ID:85080944832,2-s2.0-85080944832,Fear of COVID 2019: First suicidal case in India !,Goyal K.,Asian Journal of Psychiatry,18762018,18762026,49,,2020-03-01,March 2020,10.1016/j.ajp.2020.101989,S1876201820300976,6,"[{'@_fa': 'true', 'affilname': 'Postgraduate Institute of Medical Education &amp; Research, Chandigarh', 'affiliation-city': 'Chandigarh', 'affiliation-country': 'India'}]",Journal,le,Letter,101989,12300154709,1,True,,32143142
true,"{'self': 'https://api.elsevier.com/content/abstract/scopus_id/85079612108', 'author-affiliation': 'https://api.elsevier.com/content/abstract/scopus_id/85079612108?field=author,affiliation', 'scopus': 'https://www.scopus.com/inward/record.uri?partnerID=HzOxMe3b&scp=85079612108&origin=inward', 'scopus-citedby': 'https://www.scopus.com/inward/citedby.uri?partnerID=HzOxMe3b&scp=85079612108&origin=inward', 'full-text': 'https://api.elsevier.com/content/article/eid/1-s2.0-S2215036620300468'}",https://api.elsevier.com/content/abstract/scopus_id/85079612108,SCOPUS_ID:85079612108,2-s2.0-85079612108,Timely mental health care for the 2019 novel coronavirus outbreak is urgently needed,Xiang Y.T.,The Lancet Psychiatry,22150366,22150374,7,228-229,2020-03-01,March 2020,10.1016/S2215-0366(20)30046-8,S2215036620300468,17,"[{'@_fa': 'true', 'affilname': 'Universidade de Macau', 'affiliation-city': 'Taipa', 'affiliation-country': 'Macao'}]",Journal,no,Note,,21100356804,1,True,3,32032543
true,"{'self': 'https://api.elsevier.com/content/abstract/scopus_id/85081198190', 'author-affiliation': 'https://api.elsevier.com/content/abstract/scopus_id/85081198190?field=author,affiliation', 'scopus': 'https://www.scopus.com/inward/record.uri?partnerID=HzOxMe3b&scp=85081198190&origin=inward', 'scopus-citedby': 'https://www.scopus.com/inward/citedby.uri?partnerID=HzOxMe3b&scp=85081198190&origin=inward'}",https://api.elsevier.com/content/abstract/scopus_id/85081198190,SCOPUS_ID:85081198190,2-s2.0-85081198190,Immediate psychological responses and associated factors during the initial stage of the 2019 coronavirus disease (COVID-19) epidemic among the general population in China,Wang C.,International Journal of Environmental Research and Public Health,16617827,16604601,17,,2020-03-01,1 March 2020,10.3390/ijerph17051729,,0,"[{'@_fa': 'true', 'affilname': 'Huaibei Coal Industry Teachers College', 'affiliation-city': 'Huaibei', 'affiliation-country': 'China'}]",Journal,ar,Article,1729,144989,1,True,5,32155789
true,"{'self': 'https://api.elsevier.com/content/abstract/scopus_id/85082764753', 'author-affiliation': 'https://api.elsevier.com/content/abstract/scopus_id/85082764753?field=author,affiliation', 'scopus': 'https://www.scopus.com/inward/record.uri?partnerID=HzOxMe3b&scp=85082764753&origin=inward', 'scopus-citedby': 'https://www.scopus.com/inward/citedby.uri?partnerID=HzOxMe3b&scp=85082764753&origin=inward', 'full-text': 'https://api.elsevier.com/content/article/eid/1-s2.0-S1471595320302791'}",https://api.elsevier.com/content/abstract/scopus_id/85082764753,SCOPUS_ID:85082764753,2-s2.0-85082764753,"Hopelessness, helplessness and resilience: The importance of safeguarding our trainees' mental wellbeing during the COVID-19 pandemic",Shaw S.C.K.,Nurse Education in Practice,14715953,,44,,2020-03-01,March 2020,10.1016/j.nepr.2020.102780,S1471595320302791,0,"[{'@_fa': 'true', 'affilname': 'Brighton and Sussex Medical School', 'affiliation-city': 'Brighton', 'affiliation-country': 'United Kingdom'}]",Journal,ed,Editorial,102780,28805,1,True,,
true,"{'self': 'https://api.elsevier.com/content/abstract/scopus_id/85079594954', 'author-affiliation': 'https://api.elsevier.com/content/abstract/scopus_id/85079594954?field=author,affiliation', 'scopus': 'https://www.scopus.com/inward/record.uri?partnerID=HzOxMe3b&scp=85079594954&origin=inward', 'scopus-citedby': 'https://www.scopus.com/inward/citedby.uri?partnerID=HzOxMe3b&scp=85079594954&origin=inward', 'full-text': 'https://api.elsevier.com/content/article/eid/1-s2.0-S221503662030047X'}",https://api.elsevier.com/content/abstract/scopus_id/85079594954,SCOPUS_ID:85079594954,2-s2.0-85079594954,"The mental health of medical workers in Wuhan, China dealing with the 2019 novel coronavirus",Kang L.,The Lancet Psychiatry,22150366,22150374,7,e14,2020-03-01,March 2020,10.1016/S2215-0366(20)30047-X,S221503662030047X,10,"[{'@_fa': 'true', 'affilname': 'Renmin Hospital of Wuhan University', 'affiliation-city': 'Wuhan', 'affiliation-country': 'China'}]",Journal,le,Letter,,21100356804,1,True,3,32035030
true,"{'self': 'https://api.elsevier.com/content/abstract/scopus_id/85079658976', 'author-affiliation': 'https://api.elsevier.com/content/abstract/scopus_id/85079658976?field=author,affiliation', 'scopus': 'https://www.scopus.com/inward/record.uri?partnerID=HzOxMe3b&scp=85079658976&origin=inward', 'scopus-citedby': 'https://www.scopus.com/inward/citedby.uri?partnerID=HzOxMe3b&scp=85079658976&origin=inward', 'full-text': 'https://api.elsevier.com/content/article/eid/1-s2.0-S0140673620303093'}",https://api.elsevier.com/content/abstract/scopus_id/85079658976,SCOPUS_ID:85079658976,2-s2.0-85079658976,2019-nCoV epidemic: address mental health care to empower society,Bao Y.,The Lancet,01406736,1474547X,395,e37-e38,2020-02-22,22 - 28 February 2020,10.1016/S0140-6736(20)30309-3,S0140673620303093,7,"[{'@_fa': 'true', 'affilname': 'Peking University', 'affiliation-city': 'Beijing', 'affiliation-country': 'China'}, {'@_fa': 'true', 'affilname': 'Peking University Health Science Center', 'affiliation-city': 'Beijing', 'affiliation-country': 'China'}]",Journal,le,Letter,,16590,1,True,10224,32043982
true,"{'self': 'https://api.elsevier.com/content/abstract/scopus_id/85082421927', 'author-affiliation': 'https://api.elsevier.com/content/abstract/scopus_id/85082421927?field=author,affiliation', 'scopus': 'https://www.scopus.com/inward/record.uri?partnerID=HzOxMe3b&scp=85082421927&origin=inward', 'scopus-citedby': 'https://www.scopus.com/inward/citedby.uri?partnerID=HzOxMe3b&scp=85082421927&origin=inward'}",https://api.elsevier.com/content/abstract/scopus_id/85082421927,SCOPUS_ID:85082421927,2-s2.0-85082421927,New coronavirus pneumonia and outbreak epidemic virus and eye disease,Yin S.,Zhonghua Shiyan Yanke Zazhi/Chinese Journal of Experimental Ophthalmology,20950160,,38,156-160,2020-02-10,10 February 2020,10.3760/cma.j.issn.2095-0160.2020.02.014,,3,"[{'@_fa': 'true', 'affilname': 'Chinese University of Hong Kong', 'affiliation-city': 'Shatin', 'affiliation-country': 'Hong Kong'}]",Journal,re,Review,,21100202516,0,False,2,
true,"{'self': 'https://api.elsevier.com/content/abstract/scopus_id/85082732398', 'author-affiliation': 'https://api.elsevier.com/content/abstract/scopus_id/85082732398?field=author,affiliation', 'scopus': 'https://www.scopus.com/inward/record.uri?partnerID=HzOxMe3b&scp=85082732398&origin=inward', 'scopus-citedby': 'https://www.scopus.com/inward/citedby.uri?partnerID=HzOxMe3b&scp=85082732398&origin=inward'}",https://api.elsevier.com/content/abstract/scopus_id/85082732398,SCOPUS_ID:85082732398,2-s2.0-85082732398,Progression of Mental Health Services during the COVID-19 Outbreak in China,Li W.,International journal of biological sciences,,14492288,16,1732-1738,2020-01-01,2020,10.7150/ijbs.45120,,1,"[{'@_fa': 'true', 'affilname': 'Universidade de Macau', 'affiliation-city': 'Taipa', 'affiliation-country': 'Macao'}]",Journal,re,Review,,4400151713,1,True,10,32226291
true,"{'self': 'https://api.elsevier.com/content/abstract/scopus_id/85082509591', 'author-affiliation': 'https://api.elsevier.com/content/abstract/scopus_id/85082509591?field=author,affiliation', 'scopus': 'https://www.scopus.com/inward/record.uri?partnerID=HzOxMe3b&scp=85082509591&origin=inward', 'scopus-citedby': 'https://www.scopus.com/inward/citedby.uri?partnerID=HzOxMe3b&scp=85082509591&origin=inward'}",https://api.elsevier.com/content/abstract/scopus_id/85082509591,SCOPUS_ID:85082509591,2-s2.0-85082509591,Study on the public psychological states and its related factors during the outbreak of coronavirus disease 2019 (COVID-19) in some regions of China,Wang Y.,"Psychology, Health and Medicine",13548506,,,,2020-01-01,2020,10.1080/13548506.2020.1746817,,0,"[{'@_fa': 'true', 'affilname': 'Xuanwu Hospital, Capital Medical University', 'affiliation-city': 'Beijing', 'affiliation-country': 'China'}]",Journal,ar,Article,,58705,1,True,,
true,"{'self': 'https://api.elsevier.com/content/abstract/scopus_id/85082569886', 'author-affiliation': 'https://api.elsevier.com/content/abstract/scopus_id/85082569886?field=author,affiliation', 'scopus': 'https://www.scopus.com/inward/record.uri?partnerID=HzOxMe3b&scp=85082569886&origin=inward', 'scopus-citedby': 'https://www.scopus.com/inward/citedby.uri?partnerID=HzOxMe3b&scp=85082569886&origin=inward'}",https://api.elsevier.com/content/abstract/scopus_id/85082569886,SCOPUS_ID:85082569886,2-s2.0-85082569886,"Knowledge, attitudes, and practices towards COVID-19 among Chinese residents during the rapid rise period of the COVID-19 outbreak: a quick online cross-sectional survey",Zhong B.L.,International journal of biological sciences,,14492288,16,1745-1752,2020-01-01,2020,10.7150/ijbs.45221,,0,"[{'@_fa': 'true', 'affilname': 'Mental Health Center', 'affiliation-city': 'Shantou', 'affiliation-country': 'China'}, {'@_fa': 'true', 'affilname': 'China University of Geosciences', 'affiliation-city': 'Wuhan', 'affiliation-country': 'China'}, {'@_fa': 'true', 'affilname': 'Tongji Medical College', 'affiliation-city': 'Wuhan', 'affiliation-country': 'China'}]",Journal,ar,Article,,4400151713,1,True,10,32226294
true,"{'self': 'https://api.elsevier.com/content/abstract/scopus_id/85082973009', 'author-affiliation': 'https://api.elsevier.com/content/abstract/scopus_id/85082973009?field=author,affiliation', 'scopus': 'https://www.scopus.com/inward/record.uri?partnerID=HzOxMe3b&scp=85082973009&origin=inward', 'scopus-citedby': 'https://www.scopus.com/inward/citedby.uri?partnerID=HzOxMe3b&scp=85082973009&origin=inward'}",https://api.elsevier.com/content/abstract/scopus_id/85082973009,SCOPUS_ID:85082973009,2-s2.0-85082973009,The outbreak of COVID-19 coronavirus and its impact on global mental health,Torales J.,International Journal of Social Psychiatry,00207640,17412854,,,2020-01-01,2020,10.1177/0020764020915212,,0,"[{'@_fa': 'true', 'affilname': 'Universidad Nacional de Asuncion', 'affiliation-city': 'San Lorenzo', 'affiliation-country': 'Paraguay'}]",Journal,re,Review,,16186,1,True,,
true,"{'self': 'https://api.elsevier.com/content/abstract/scopus_id/85082737693', 'author-affiliation': 'https://api.elsevier.com/content/abstract/scopus_id/85082737693?field=author,affiliation', 'scopus': 'https://www.scopus.com/inward/record.uri?partnerID=HzOxMe3b&scp=85082737693&origin=inward', 'scopus-citedby': 'https://www.scopus.com/inward/citedby.uri?partnerID=HzOxMe3b&scp=85082737693&origin=inward'}",https://api.elsevier.com/content/abstract/scopus_id/85082737693,SCOPUS_ID:85082737693,2-s2.0-85082737693,TheÂ Fear of COVID-19 Scale: Development and Initial Validation,Ahorsu D.K.,International Journal of Mental Health and Addiction,15571874,15571882,,,2020-01-01,2020,10.1007/s11469-020-00270-8,,1,"[{'@_fa': 'true', 'affilname': 'Hong Kong Polytechnic University', 'affiliation-city': 'Kowloon', 'affiliation-country': 'Hong Kong'}]",Journal,ar,Article,,4700152495,1,True,,
true,"{'self': 'https://api.elsevier.com/content/abstract/scopus_id/85077974106', 'author-affiliation': 'https://api.elsevier.com/content/abstract/scopus_id/85077974106?field=author,affiliation', 'scopus': 'https://www.scopus.com/inward/record.uri?partnerID=HzOxMe3b&scp=85077974106&origin=inward', 'scopus-citedby': 'https://www.scopus.com/inward/citedby.uri?partnerID=HzOxMe3b&scp=85077974106&origin=inward', 'full-text': 'https://api.elsevier.com/content/article/eid/1-s2.0-S0032579119578555'}",https://api.elsevier.com/content/abstract/scopus_id/85077974106,SCOPUS_ID:85077974106,2-s2.0-85077974106,Pathogenicity of a QX-like avian infectious bronchitis virus isolated in China,Ren G.,Poultry Science,00325791,15253171,99,111-118,2020-01-01,January 2020,10.3382/ps/pez568,S0032579119578555,0,"[{'@_fa': 'true', 'affilname': ""Ministry of Agriculture of the People's Republic of China"", 'affiliation-city': 'Beijing', 'affiliation-country': 'China'}, {'@_fa': 'true', 'affilname': 'Zhaoqing Institute of Biotechnology Co., Ltd', 'affiliation-city': None, 'affiliation-country': 'China'}]",Journal,ar,Article,,36431,1,True,1,
